index,Order ID,Date,Status,Fulfilment,Sales Channel,ship-service-level,Style,SKU,Category,Size,ASIN,Courier Status,Qty,currency,Amount,ship-city,ship-state,ship-postal-code,ship-country,promotion-ids,B2B,fulfilled-by,Unnamed: 22,Month,Month_Name,Year,Quarter,Day_Name
4168,405-0463424-4289137,2022-04-28,Shipped,Amazon,Amazon.in,Expedited,JNE3440,JNE3440-KR-N-XXXL,Kurta,3XL,B09HMTKV2L,Shipped,1.0,INR,399.0,Davanagere,Karnataka,577005.0,IN,,False,,,4.0,April,2022.0,2.0,Thursday
2718,407-0501514-9592363,2022-04-29,Shipped,Amazon,Amazon.in,Expedited,JNE3291,JNE3291-KR-XL,Kurta,XL,B07R4XJNW3,Shipped,1.0,INR,442.0,Pune,Maharashtra,412412.0,IN,IN Core Free Shipping 2015/04/08 23-48-5-108,False,,,4.0,April,2022.0,2.0,Friday
20257,408-8122795-4409113,2022-04-18,Shipped,Amazon,Amazon.in,Expedited,JNE3405,JNE3405-KR-XS,Kurta,XS,B081XCMYXJ,Shipped,1.0,INR,399.0,Thiruvananthapuram,Kerala,695573.0,IN,,False,,,4.0,April,2022.0,2.0,Monday
17978,407-4198189-6274757,2022-04-19,Cancelled,Amazon,Amazon.in,Expedited,JNE3784,JNE3784-KR-L,Kurta,L,B09K3TM23D,Unshipped,1.0,INR,458.0,Pune,Maharashtra,411045.0,IN,,False,,,4.0,April,2022.0,2.0,Tuesday
15993,407-3871327-1609965,2022-04-21,Shipped,Amazon,Amazon.in,Expedited,J0378,J0378-SKD-XXL,Set,XXL,B09QJ4HMHN,Shipped,1.0,INR,1099.0,Kanigiri,Andhra Pradesh,523230.0,IN,,False,,,4.0,April,2022.0,2.0,Thursday
1197,405-0010015-4883533,2022-04-30,Shipped - Delivered To Buyer,Merchant,Amazon.in,Standard,J0092,J0092-SET-XXL,Set,XXL,B089G23VMN,Shipped,1.0,INR,833.0,Dhanbad,Jharkhand,826001.0,IN,"Amazon PLCC Free-Financing Universal Merchant AAT-WNKTBO3K27EJC,Amazon PLCC Free-Financing Universal Merchant AAT-QX3UCCJESKPA2,Amazon PLCC Free-Financing Universal Merchant AAT-5QQ7BIYYQEDN2,Amazon PLCC Free-Financing Universal Merchant AAT-DSJ2QRXXWXVMQ,Amazon PLCC Free-Financing Universal Merchant AAT-CXJHMC2YJUK76,Amazon PLCC Free-Financing Universal Merchant AAT-SL3Y2YRMAUNFC,Amazon PLCC Free-Financing Universal Merchant AAT-CC4FAVTYR4X7C,Amazon PLCC Free-Financing Universal Merchant AAT-XXRCW6NZEPZI4,Amazon PLCC Free-Financing Universal Merchant AAT-WSJLDN3X7KEMO,Amazon PLCC Free-Financing Universal Merchant AAT-VL6FGQVGQVXUS,Amazon PLCC Free-Financing Universal Merchant AAT-EOKPWFWYW7Y6I,Amazon PLCC Free-Financing Universal Merchant AAT-ZYL5UPUNW6T62,Amazon PLCC Free-Financing Universal Merchant AAT-XVPICCHRWDCAI,Amazon PLCC Free-Financing Universal Merchant AAT-PZHUW6DZX4BPS,Amazon PLCC Free-Financing Universal Merchant AAT-ETXQ3XXWMRXBG,Amazon PLCC Free-Financing Universal Merchant AAT-7X3XCTYG64VBE,Amazon PLCC Free-Financing Universal Merchant AAT-7CHGD3WTS3MHM,Amazon PLCC Free-Financing Universal Merchant AAT-26ZDKNME27X42,Amazon PLCC Free-Financing Universal Merchant AAT-4ZF5KN6E4LJK4,Amazon PLCC Free-Financing Universal Merchant AAT-7RCXIKUAX7DDY,Amazon PLCC Free-Financing Universal Merchant AAT-BRSZZ45H6MHAO,Amazon PLCC Free-Financing Universal Merchant AAT-MKLXOOZWQL7GO,Amazon PLCC Free-Financing Universal Merchant AAT-CB7UNXEXGIJTC,Amazon PLCC Free-Financing Universal Merchant #MP-gzasho-1593152694811,Amazon PLCC Free-Financing Universal Merchant AAT-WLBA4GZ52EAH4",False,Easy Ship,,4.0,April,2022.0,2.0,Saturday
23589,404-6187733-2161962,2022-04-16,Shipped,Amazon,Amazon.in,Expedited,JNE3778,JNE3778-KR-XXL,Kurta,XXL,B09K3T9RQV,Shipped,1.0,INR,459.0,Thane,Maharashtra,421204.0,IN,,False,,,4.0,April,2022.0,2.0,Saturday
18709,407-4031763-1872328,2022-04-19,Shipped,Amazon,Amazon.in,Expedited,JNE3655,JNE3655-TP-M,Top,M,B0986ZLQJJ,Shipped,1.0,INR,329.0,Godda,Jharkhand,814133.0,IN,IN Core Free Shipping 2015/04/08 23-48-5-108,False,,,4.0,April,2022.0,2.0,Tuesday
96,408-6357132-2310703,2022-04-30,Shipped,Amazon,Amazon.in,Expedited,J0003,J0003-SET-L,Set,L,B0894Y4PNG,Shipped,1.0,INR,696.0,Jammu,Jammu & Kashmir,180011.0,IN,IN Core Free Shipping 2015/04/08 23-48-5-108,False,,,4.0,April,2022.0,2.0,Saturday
8886,171-1824018-2217967,2022-04-25,Shipped - Delivered To Buyer,Merchant,Amazon.in,Standard,SET386,SET386-KR-NP-XXL,Set,XXL,B09K3LL5SD,Shipped,1.0,INR,631.0,Bengaluru,Karnataka,560076.0,IN,"Amazon PLCC Free-Financing Universal Merchant AAT-WNKTBO3K27EJC,Amazon PLCC Free-Financing Universal Merchant AAT-QX3UCCJESKPA2,Amazon PLCC Free-Financing Universal Merchant AAT-5QQ7BIYYQEDN2,Amazon PLCC Free-Financing Universal Merchant AAT-DSJ2QRXXWXVMQ,Amazon PLCC Free-Financing Universal Merchant AAT-CXJHMC2YJUK76,Amazon PLCC Free-Financing Universal Merchant AAT-CC4FAVTYR4X7C,Amazon PLCC Free-Financing Universal Merchant AAT-XXRCW6NZEPZI4,Amazon PLCC Free-Financing Universal Merchant AAT-EOKPWFWYW7Y6I,Amazon PLCC Free-Financing Universal Merchant AAT-ZYL5UPUNW6T62,Amazon PLCC Free-Financing Universal Merchant AAT-G5ZRX4BZOIODU,Amazon PLCC Free-Financing Universal Merchant AAT-PZHUW6DZX4BPS,Amazon PLCC Free-Financing Universal Merchant AAT-ETXQ3XXWMRXBG,Amazon PLCC Free-Financing Universal Merchant AAT-BRSZZ45H6MHAO,Amazon PLCC Free-Financing Universal Merchant AAT-MKLXOOZWQL7GO,Amazon PLCC Free-Financing Universal Merchant AAT-CB7UNXEXGIJTC,Amazon PLCC Free-Financing Universal Merchant #MP-gzasho-1593152694811,Amazon PLCC Free-Financing Universal Merchant AAT-WLBA4GZ52EAH4",False,Easy Ship,,4.0,April,2022.0,2.0,Monday
10994,171-1249760-7313135,2022-04-23,Shipped,Amazon,Amazon.in,Expedited,JNE3645,JNE3645-TP-N-S,Top,S,B08ZHN6H5T,Shipped,1.0,INR,432.0,Hyderabad,Telangana,500084.0,IN,,False,,,4.0,April,2022.0,2.0,Saturday
12086,408-1466468-0726760,2022-04-23,Shipped,Amazon,Amazon.in,Expedited,J0230,J0230-SKD-XS,Set,XS,B08XNHXSFZ,Shipped,1.0,INR,1112.0,Kalliasseri,Kerala,670562.0,IN,,False,,,4.0,April,2022.0,2.0,Saturday
13578,406-3004141-6393937,2022-04-22,Shipped,Amazon,Amazon.in,Expedited,SET273,SET273-KR-NP-S,Set,S,B094FR7J54,Shipped,1.0,INR,612.0,Sattenapalle,Andhra Pradesh,522403.0,IN,,False,,,4.0,April,2022.0,2.0,Friday
11378,406-8021214-7985111,2022-04-23,Shipped - Delivered To Buyer,Merchant,Amazon.in,Standard,SET324,SET324-KR-NP-S,Set,S,B09NQ4CZ65,Shipped,1.0,INR,597.0,Luxettipet,Telangana,504215.0,IN,"Amazon PLCC Free-Financing Universal Merchant AAT-WNKTBO3K27EJC,Amazon PLCC Free-Financing Universal Merchant AAT-QX3UCCJESKPA2,Amazon PLCC Free-Financing Universal Merchant AAT-5QQ7BIYYQEDN2,Amazon PLCC Free-Financing Universal Merchant AAT-DSJ2QRXXWXVMQ,Amazon PLCC Free-Financing Universal Merchant AAT-CXJHMC2YJUK76,Amazon PLCC Free-Financing Universal Merchant AAT-SL3Y2YRMAUNFC,Amazon PLCC Free-Financing Universal Merchant AAT-CC4FAVTYR4X7C,Amazon PLCC Free-Financing Universal Merchant AAT-XXRCW6NZEPZI4,Amazon PLCC Free-Financing Universal Merchant AAT-CXNSLNBROFDW4,Amazon PLCC Free-Financing Universal Merchant AAT-WSJLDN3X7KEMO,Amazon PLCC Free-Financing Universal Merchant AAT-VL6FGQVGQVXUS,Amazon PLCC Free-Financing Universal Merchant AAT-EOKPWFWYW7Y6I,Amazon PLCC Free-Financing Universal Merchant AAT-ZYL5UPUNW6T62,Amazon PLCC Free-Financing Universal Merchant AAT-G5ZRX4BZOIODU,Amazon PLCC Free-Financing Universal Merchant AAT-ACZIPIA37BFIY,Amazon PLCC Free-Financing Universal Merchant AAT-4UKS7UWZY3AES,Amazon PLCC Free-Financing Universal Merchant AAT-PZHUW6DZX4BPS,Amazon PLCC Free-Financing Universal Merchant AAT-ETXQ3XXWMRXBG,Amazon PLCC Free-Financing Universal Merchant AAT-BRSZZ45H6MHAO,Amazon PLCC Free-Financing Universal Merchant AAT-MKLXOOZWQL7GO,Amazon PLCC Free-Financing Universal Merchant AAT-CB7UNXEXGIJTC,Amazon PLCC Free-Financing Universal Merchant #MP-gzasho-1593152694811,Amazon PLCC Free-Financing Universal Merchant AAT-WLBA4GZ52EAH4",False,Easy Ship,,4.0,April,2022.0,2.0,Saturday
1516,402-4340811-5375517,2022-04-29,Shipped,Amazon,Amazon.in,Expedited,SET014,SET014-KR-PP-A-XXL,Set,XXL,B07K5BGGYN,Shipped,1.0,INR,818.0,Hyderabad,Telangana,500028.0,IN,IN Core Free Shipping 2015/04/08 23-48-5-108,False,,,4.0,April,2022.0,2.0,Friday
15000,403-9746628-4443518,2022-04-21,Shipped - Delivered To Buyer,Merchant,Amazon.in,Standard,JNE3818,JNE3818-KR-L,Kurta,L,B09LTZH194,Shipped,1.0,INR,499.0,Gurgaon,Haryana,122002.0,IN,"Amazon PLCC Free-Financing Universal Merchant AAT-WNKTBO3K27EJC,Amazon PLCC Free-Financing Universal Merchant AAT-QX3UCCJESKPA2,Amazon PLCC Free-Financing Universal Merchant AAT-5QQ7BIYYQEDN2,Amazon PLCC Free-Financing Universal Merchant AAT-DSJ2QRXXWXVMQ,Amazon PLCC Free-Financing Universal Merchant AAT-CXJHMC2YJUK76,Amazon PLCC Free-Financing Universal Merchant AAT-SL3Y2YRMAUNFC,Amazon PLCC Free-Financing Universal Merchant AAT-CC4FAVTYR4X7C,Amazon PLCC Free-Financing Universal Merchant AAT-XXRCW6NZEPZI4,Amazon PLCC Free-Financing Universal Merchant AAT-EOKPWFWYW7Y6I,Amazon PLCC Free-Financing Universal Merchant AAT-G5ZRX4BZOIODU,Amazon PLCC Free-Financing Universal Merchant AAT-6PE7LSBGRLMV2,Amazon PLCC Free-Financing Universal Merchant AAT-PZHUW6DZX4BPS,Amazon PLCC Free-Financing Universal Merchant AAT-BRSZZ45H6MHAO,Amazon PLCC Free-Financing Universal Merchant AAT-MKLXOOZWQL7GO,Amazon PLCC Free-Financing Universal Merchant AAT-CB7UNXEXGIJTC,Amazon PLCC Free-Financing Universal Merchant #MP-gzasho-1593152694811,Amazon PLCC Free-Financing Universal Merchant AAT-WLBA4GZ52EAH4",False,Easy Ship,,4.0,April,2022.0,2.0,Thursday
1456,171-8602675-3441906,2022-04-30,Shipped,Amazon,Amazon.in,Expedited,JNE3718,JNE3718-KR-XXXL,Kurta,3XL,B099NJ1WVX,Shipped,1.0,INR,406.0,Bengaluru,Karnataka,560068.0,IN,,False,,,4.0,April,2022.0,2.0,Saturday
3928,407-6353505-8789167,2022-04-28,Shipped - Delivered To Buyer,Merchant,Amazon.in,Standard,JNE3461,JNE3461-KR-XXXL,Kurta,3XL,B08B3YC7HZ,Shipped,1.0,INR,363.0,Mumbai,Maharashtra,400067.0,IN,"Amazon PLCC Free-Financing Universal Merchant AAT-WNKTBO3K27EJC,Amazon PLCC Free-Financing Universal Merchant AAT-QX3UCCJESKPA2,Amazon PLCC Free-Financing Universal Merchant AAT-5QQ7BIYYQEDN2,Amazon PLCC Free-Financing Universal Merchant AAT-DSJ2QRXXWXVMQ,Amazon PLCC Free-Financing Universal Merchant AAT-CXJHMC2YJUK76,Amazon PLCC Free-Financing Universal Merchant AAT-CC4FAVTYR4X7C,Amazon PLCC Free-Financing Universal Merchant AAT-XXRCW6NZEPZI4,Amazon PLCC Free-Financing Universal Merchant AAT-EOKPWFWYW7Y6I,Amazon PLCC Free-Financing Universal Merchant AAT-ZYL5UPUNW6T62,Amazon PLCC Free-Financing Universal Merchant AAT-G5ZRX4BZOIODU,Amazon PLCC Free-Financing Universal Merchant AAT-23LLL7GZCLBVW,Amazon PLCC Free-Financing Universal Merchant AAT-PZHUW6DZX4BPS,Amazon PLCC Free-Financing Universal Merchant AAT-ETXQ3XXWMRXBG,Amazon PLCC Free-Financing Universal Merchant AAT-7X3XCTYG64VBE,Amazon PLCC Free-Financing Universal Merchant AAT-7CHGD3WTS3MHM,Amazon PLCC Free-Financing Universal Merchant AAT-26ZDKNME27X42,Amazon PLCC Free-Financing Universal Merchant AAT-4ZF5KN6E4LJK4,Amazon PLCC Free-Financing Universal Merchant AAT-7RCXIKUAX7DDY,Amazon PLCC Free-Financing Universal Merchant AAT-BRSZZ45H6MHAO,Amazon PLCC Free-Financing Universal Merchant AAT-MKLXOOZWQL7GO,Amazon PLCC Free-Financing Universal Merchant AAT-CB7UNXEXGIJTC,Amazon PLCC Free-Financing Universal Merchant #MP-gzasho-1593152694811,Amazon PLCC Free-Financing Universal Merchant AAT-WLBA4GZ52EAH4",False,Easy Ship,,4.0,April,2022.0,2.0,Thursday
31162,405-9973433-8409167,2022-12-04,Shipped - Delivered To Buyer,Merchant,Amazon.in,Standard,SET333,SET333-KR-DPT-S,Set,S,B09RKF9RSW,Shipped,1.0,INR,967.0,Kunnamkulam,Kerala,680503.0,IN,"Amazon PLCC Free-Financing Universal Merchant AAT-WNKTBO3K27EJC,Amazon PLCC Free-Financing Universal Merchant AAT-QX3UCCJESKPA2,Amazon PLCC Free-Financing Universal Merchant AAT-CXJHMC2YJUK76,Amazon PLCC Free-Financing Universal Merchant AAT-SL3Y2YRMAUNFC,Amazon PLCC Free-Financing Universal Merchant AAT-CC4FAVTYR4X7C,Amazon PLCC Free-Financing Universal Merchant AAT-XXRCW6NZEPZI4,Amazon PLCC Free-Financing Universal Merchant AAT-R7GXNZWISTRFA,Amazon PLCC Free-Financing Universal Merchant AAT-EOKPWFWYW7Y6I,Amazon PLCC Free-Financing Universal Merchant AAT-ZYL5UPUNW6T62,Amazon PLCC Free-Financing Universal Merchant AAT-G5ZRX4BZOIODU,Amazon PLCC Free-Financing Universal Merchant AAT-P3CSUAK4HTEP2,Amazon PLCC Free-Financing Universal Merchant AAT-PZHUW6DZX4BPS,Amazon PLCC Free-Financing Universal Merchant AAT-BRSZZ45H6MHAO,Amazon PLCC Free-Financing Universal Merchant AAT-MKLXOOZWQL7GO,Amazon PLCC Free-Financing Universal Merchant AAT-CB7UNXEXGIJTC,Amazon PLCC Free-Financing Universal Merchant #MP-gzasho-1593152694811,Amazon PLCC Free-Financing Universal Merchant AAT-WLBA4GZ52EAH4,Amazon PLCC Free-Financing Universal Merchant #MP-pmilan-1601980554292",False,Easy Ship,,12.0,December,2022.0,4.0,Sunday
14620,407-6532116-1345929,2022-04-21,Shipped - Delivered To Buyer,Merchant,Amazon.in,Standard,SET324,SET324-KR-NP-XXL,Set,XXL,B09NQ3MPRM,Shipped,1.0,INR,597.0,Ernakulam,Kerala,682019.0,IN,"Amazon PLCC Free-Financing Universal Merchant AAT-WNKTBO3K27EJC,Amazon PLCC Free-Financing Universal Merchant AAT-QX3UCCJESKPA2,Amazon PLCC Free-Financing Universal Merchant AAT-5QQ7BIYYQEDN2,Amazon PLCC Free-Financing Universal Merchant AAT-DSJ2QRXXWXVMQ,Amazon PLCC Free-Financing Universal Merchant AAT-CXJHMC2YJUK76,Amazon PLCC Free-Financing Universal Merchant AAT-CC4FAVTYR4X7C,Amazon PLCC Free-Financing Universal Merchant AAT-XXRCW6NZEPZI4,Amazon PLCC Free-Financing Universal Merchant AAT-R7GXNZWISTRFA,Amazon PLCC Free-Financing Universal Merchant AAT-EOKPWFWYW7Y6I,Amazon PLCC Free-Financing Universal Merchant AAT-ZYL5UPUNW6T62,Amazon PLCC Free-Financing Universal Merchant AAT-G5ZRX4BZOIODU,Amazon PLCC Free-Financing Universal Merchant AAT-P3CSUAK4HTEP2,Amazon PLCC Free-Financing Universal Merchant AAT-6PE7LSBGRLMV2,Amazon PLCC Free-Financing Universal Merchant AAT-PZHUW6DZX4BPS,Amazon PLCC Free-Financing Universal Merchant AAT-BRSZZ45H6MHAO,Amazon PLCC Free-Financing Universal Merchant AAT-MKLXOOZWQL7GO,Amazon PLCC Free-Financing Universal Merchant AAT-CB7UNXEXGIJTC,Amazon PLCC Free-Financing Universal Merchant #MP-gzasho-1593152694811,Amazon PLCC Free-Financing Universal Merchant AAT-WLBA4GZ52EAH4,Amazon PLCC Free-Financing Universal Merchant #MP-pmilan-1601980554292",False,Easy Ship,,4.0,April,2022.0,2.0,Thursday
25637,407-7577061-6428307,2022-04-15,Shipped,Amazon,Amazon.in,Expedited,J0007,J0007-SKD-XL,Set,XL,B0894WR7FV,Shipped,1.0,INR,1133.0,Mumbai,Maharashtra,400064.0,IN,,False,,,4.0,April,2022.0,2.0,Friday
18560,171-1529212-2604313,2022-04-19,Shipped,Amazon,Amazon.in,Expedited,J0113,J0113-TP-XXXL,Top,3XL,B08V1FF319,Shipped,1.0,INR,540.0,Kalyani,West Bengal,741234.0,IN,IN Core Free Shipping 2015/04/08 23-48-5-108,False,,,4.0,April,2022.0,2.0,Tuesday
1655,408-4134499-1354740,2022-04-29,Shipped,Amazon,Amazon.in,Expedited,SET374,SET374-KR-NP-XS,Set,XS,B09NDKGZ6V,Shipped,1.0,INR,597.0,Bambolim,Goa,403206.0,IN,IN Core Free Shipping 2015/04/08 23-48-5-108,False,,,4.0,April,2022.0,2.0,Friday
2425,404-7478762-7926753,2022-04-29,Shipped,Amazon,Amazon.in,Expedited,SET291,SET291-KR-PP-S,Set,S,B099NHHY1T,Shipped,1.0,INR,563.0,Gangapur City,Rajshthan,322201.0,IN,IN Core Free Shipping 2015/04/08 23-48-5-108,False,,,4.0,April,2022.0,2.0,Friday
6797,171-0813665-5327558,2022-04-26,Shipped,Amazon,Amazon.in,Expedited,SET268,SET268-KR-NP-S,Set,S,B08XQ98B2Q,Shipped,1.0,INR,788.0,Thane,Maharashtra,421204.0,IN,,False,,,4.0,April,2022.0,2.0,Tuesday
19031,404-6929805-5024323,2022-04-19,Shipped - Delivered To Buyer,Merchant,Amazon.in,Standard,J0131,J0131-KR-L,Kurta,L,B08TZYXKQZ,Shipped,1.0,INR,345.0,Mumbai,Maharashtra,400042.0,IN,"Amazon PLCC Free-Financing Universal Merchant AAT-WNKTBO3K27EJC,Amazon PLCC Free-Financing Universal Merchant AAT-QX3UCCJESKPA2,Amazon PLCC Free-Financing Universal Merchant AAT-CXJHMC2YJUK76,Amazon PLCC Free-Financing Universal Merchant AAT-CC4FAVTYR4X7C,Amazon PLCC Free-Financing Universal Merchant AAT-XXRCW6NZEPZI4,Amazon PLCC Free-Financing Universal Merchant AAT-EOKPWFWYW7Y6I,Amazon PLCC Free-Financing Universal Merchant AAT-ZYL5UPUNW6T62,Amazon PLCC Free-Financing Universal Merchant AAT-G5ZRX4BZOIODU,Amazon PLCC Free-Financing Universal Merchant AAT-PZHUW6DZX4BPS,Amazon PLCC Free-Financing Universal Merchant AAT-XX7G3ZRJJJ5LG,Amazon PLCC Free-Financing Universal Merchant AAT-LEHCKNDBJG64E,Amazon PLCC Free-Financing Universal Merchant AAT-DJVHCEV7D7RQY,Amazon PLCC Free-Financing Universal Merchant AAT-BRSZZ45H6MHAO,Amazon PLCC Free-Financing Universal Merchant AAT-MKLXOOZWQL7GO,Amazon PLCC Free-Financing Universal Merchant AAT-CB7UNXEXGIJTC,Amazon PLCC Free-Financing Universal Merchant #MP-gzasho-1593152694811,Amazon PLCC Free-Financing Universal Merchant AAT-WLBA4GZ52EAH4,Amazon PLCC Free-Financing Universal Merchant #MP-pmilan-1601980554292",False,Easy Ship,,4.0,April,2022.0,2.0,Tuesday
4209,403-9942541-0779542,2022-04-28,Shipped,Amazon,Amazon.in,Expedited,JNE3722,JNE3722-KR-XL,Kurta,XL,B09BQDLN22,Shipped,1.0,INR,280.0,Visakhapatnam,Andhra Pradesh,530016.0,IN,,False,,,4.0,April,2022.0,2.0,Thursday
22885,171-3891219-8400311,2022-04-16,Cancelled,Merchant,Amazon.in,Standard,SET257,SET257-KR-PP-XS,Set,XS,B0983GWPF1,,0.0,INR,0.0,Nagercoil,Tamil Nadu,629252.0,IN,,False,Easy Ship,,4.0,April,2022.0,2.0,Saturday
15846,408-0928365-8529900,2022-04-21,Shipped,Amazon,Amazon.in,Expedited,J0414,J0414-DR-S,Western Dress,S,B09TY17YHW,Shipped,1.0,INR,885.0,Pune,Maharashtra,411028.0,IN,,False,,,4.0,April,2022.0,2.0,Thursday
8544,402-7476381-3712322,2022-04-25,Shipped,Amazon,Amazon.in,Expedited,JNE3880,JNE3880-DR-M,Western Dress,M,B09SDZCCG3,Shipped,1.0,INR,690.0,Nagpur,Maharashtra,440017.0,IN,VPC-44571-38707197 Coupon,False,,,4.0,April,2022.0,2.0,Monday
821,405-6836135-6312327,2022-04-30,Shipped - Delivered To Buyer,Merchant,Amazon.in,Standard,JNE3706,JNE3706-DR-L,Western Dress,L,B0982ZYR1X,Shipped,1.0,INR,413.0,Nagpur,Maharashtra,441111.0,IN,"Amazon PLCC Free-Financing Universal Merchant AAT-WNKTBO3K27EJC,Amazon PLCC Free-Financing Universal Merchant AAT-QX3UCCJESKPA2,Amazon PLCC Free-Financing Universal Merchant AAT-5QQ7BIYYQEDN2,Amazon PLCC Free-Financing Universal Merchant AAT-DSJ2QRXXWXVMQ,Amazon PLCC Free-Financing Universal Merchant AAT-CXJHMC2YJUK76,Amazon PLCC Free-Financing Universal Merchant AAT-CC4FAVTYR4X7C,Amazon PLCC Free-Financing Universal Merchant AAT-XXRCW6NZEPZI4,Amazon PLCC Free-Financing Universal Merchant AAT-EOKPWFWYW7Y6I,Amazon PLCC Free-Financing Universal Merchant AAT-ZYL5UPUNW6T62,Amazon PLCC Free-Financing Universal Merchant AAT-PZHUW6DZX4BPS,Amazon PLCC Free-Financing Universal Merchant AAT-ETXQ3XXWMRXBG,Amazon PLCC Free-Financing Universal Merchant AAT-7X3XCTYG64VBE,Amazon PLCC Free-Financing Universal Merchant AAT-7CHGD3WTS3MHM,Amazon PLCC Free-Financing Universal Merchant AAT-26ZDKNME27X42,Amazon PLCC Free-Financing Universal Merchant AAT-4ZF5KN6E4LJK4,Amazon PLCC Free-Financing Universal Merchant AAT-7RCXIKUAX7DDY,Amazon PLCC Free-Financing Universal Merchant AAT-BRSZZ45H6MHAO,Amazon PLCC Free-Financing Universal Merchant AAT-MKLXOOZWQL7GO,Amazon PLCC Free-Financing Universal Merchant AAT-CB7UNXEXGIJTC,Amazon PLCC Free-Financing Universal Merchant #MP-gzasho-1593152694811,Amazon PLCC Free-Financing Universal Merchant AAT-WLBA4GZ52EAH4",False,Easy Ship,,4.0,April,2022.0,2.0,Saturday
9753,408-9069444-2819514,2022-04-24,Shipped,Amazon,Amazon.in,Expedited,JNE3405,JNE3405-KR-XS,Kurta,XS,B081XCMYXJ,Shipped,1.0,INR,399.0,Baran,Rajasthan,325205.0,IN,IN Core Free Shipping 2015/04/08 23-48-5-108,False,,,4.0,April,2022.0,2.0,Sunday
18399,408-7040157-3781169,2022-04-19,Shipped - Delivered To Buyer,Merchant,Amazon.in,Standard,JNE2171,JNE2171-KR-437-XL,Kurta,XL,B079WYDLLS,Shipped,1.0,INR,495.0,Bengaluru,Karnataka,560103.0,IN,"Amazon PLCC Free-Financing Universal Merchant AAT-WNKTBO3K27EJC,Amazon PLCC Free-Financing Universal Merchant AAT-QX3UCCJESKPA2,Amazon PLCC Free-Financing Universal Merchant AAT-CXJHMC2YJUK76,Amazon PLCC Free-Financing Universal Merchant AAT-SL3Y2YRMAUNFC,Amazon PLCC Free-Financing Universal Merchant AAT-CC4FAVTYR4X7C,Amazon PLCC Free-Financing Universal Merchant AAT-XXRCW6NZEPZI4,Amazon PLCC Free-Financing Universal Merchant AAT-EOKPWFWYW7Y6I,Amazon PLCC Free-Financing Universal Merchant AAT-G5ZRX4BZOIODU,Amazon PLCC Free-Financing Universal Merchant AAT-PZHUW6DZX4BPS,Amazon PLCC Free-Financing Universal Merchant AAT-XX7G3ZRJJJ5LG,Amazon PLCC Free-Financing Universal Merchant AAT-LEHCKNDBJG64E,Amazon PLCC Free-Financing Universal Merchant AAT-DJVHCEV7D7RQY,Amazon PLCC Free-Financing Universal Merchant AAT-TNYBHEAO7HOHO,Amazon PLCC Free-Financing Universal Merchant AAT-BRSZZ45H6MHAO,Amazon PLCC Free-Financing Universal Merchant AAT-MKLXOOZWQL7GO,Amazon PLCC Free-Financing Universal Merchant AAT-CB7UNXEXGIJTC,Amazon PLCC Free-Financing Universal Merchant #MP-gzasho-1593152694811,Amazon PLCC Free-Financing Universal Merchant AAT-WLBA4GZ52EAH4,Amazon PLCC Free-Financing Universal Merchant AAT-QMFZ3M7T5NPDS,Amazon PLCC Free-Financing Universal Merchant #MP-pmilan-1601980554292",False,Easy Ship,,4.0,April,2022.0,2.0,Tuesday
15518,402-8515146-0981147,2022-04-21,Shipped - Delivered To Buyer,Merchant,Amazon.in,Standard,J0176,J0176-TP-XL,Top,XL,B08N45JGMJ,Shipped,1.0,INR,387.0,New Delhi,Delhi,110085.0,IN,"Amazon PLCC Free-Financing Universal Merchant AAT-WNKTBO3K27EJC,Amazon PLCC Free-Financing Universal Merchant AAT-QX3UCCJESKPA2,Amazon PLCC Free-Financing Universal Merchant AAT-5QQ7BIYYQEDN2,Amazon PLCC Free-Financing Universal Merchant AAT-DSJ2QRXXWXVMQ,Amazon PLCC Free-Financing Universal Merchant AAT-CXJHMC2YJUK76,Amazon PLCC Free-Financing Universal Merchant AAT-SL3Y2YRMAUNFC,Amazon PLCC Free-Financing Universal Merchant AAT-CC4FAVTYR4X7C,Amazon PLCC Free-Financing Universal Merchant AAT-XXRCW6NZEPZI4,Amazon PLCC Free-Financing Universal Merchant AAT-CXNSLNBROFDW4,Amazon PLCC Free-Financing Universal Merchant AAT-WSJLDN3X7KEMO,Amazon PLCC Free-Financing Universal Merchant AAT-VL6FGQVGQVXUS,Amazon PLCC Free-Financing Universal Merchant AAT-EOKPWFWYW7Y6I,Amazon PLCC Free-Financing Universal Merchant AAT-ZYL5UPUNW6T62,Amazon PLCC Free-Financing Universal Merchant AAT-G5ZRX4BZOIODU,Amazon PLCC Free-Financing Universal Merchant AAT-ACZIPIA37BFIY,Amazon PLCC Free-Financing Universal Merchant AAT-6PE7LSBGRLMV2,Amazon PLCC Free-Financing Universal Merchant AAT-4UKS7UWZY3AES,Amazon PLCC Free-Financing Universal Merchant AAT-PZHUW6DZX4BPS,Amazon PLCC Free-Financing Universal Merchant AAT-BRSZZ45H6MHAO,Amazon PLCC Free-Financing Universal Merchant AAT-MKLXOOZWQL7GO,Amazon PLCC Free-Financing Universal Merchant AAT-CB7UNXEXGIJTC,Amazon PLCC Free-Financing Universal Merchant #MP-gzasho-1593152694811,Amazon PLCC Free-Financing Universal Merchant AAT-WLBA4GZ52EAH4",False,Easy Ship,,4.0,April,2022.0,2.0,Thursday
30872,404-5019018-2393954,2022-12-04,Cancelled,Merchant,Amazon.in,Standard,SET325,SET325-KR-NP-XL,Set,XL,B09K3QSXVJ,,0.0,INR,634.29,Visakhapatnam,Andhra Pradesh,530026.0,IN,,False,Easy Ship,,12.0,December,2022.0,4.0,Sunday
15904,402-6717109-3846758,2022-04-21,Shipped,Amazon,Amazon.in,Expedited,SET264,SET264-KR-NP-XL,Set,XL,B08YN7XDSG,Shipped,1.0,INR,824.0,New Delhi,Delhi,110085.0,IN,,False,,,4.0,April,2022.0,2.0,Thursday
13616,404-7138793-7993155,2022-04-22,Shipped,Amazon,Amazon.in,Expedited,SET187,SET187-KR-DH-XL,Set,XL,B08B415N6S,Shipped,1.0,INR,599.0,Vadodara,Gujarat,391740.0,IN,IN Core Free Shipping 2015/04/08 23-48-5-108,False,,,4.0,April,2022.0,2.0,Friday
9892,406-7373554-0261945,2022-04-24,Shipped - Delivered To Buyer,Merchant,Amazon.in,Standard,J0003,J0003-SET-S,Set,S,B0894X27FC,Shipped,1.0,INR,654.0,Bengaluru,Karnataka,560037.0,IN,"Amazon PLCC Free-Financing Universal Merchant AAT-WNKTBO3K27EJC,Amazon PLCC Free-Financing Universal Merchant AAT-QX3UCCJESKPA2,Amazon PLCC Free-Financing Universal Merchant AAT-5QQ7BIYYQEDN2,Amazon PLCC Free-Financing Universal Merchant AAT-DSJ2QRXXWXVMQ,Amazon PLCC Free-Financing Universal Merchant AAT-CXJHMC2YJUK76,Amazon PLCC Free-Financing Universal Merchant AAT-SL3Y2YRMAUNFC,Amazon PLCC Free-Financing Universal Merchant AAT-CC4FAVTYR4X7C,Amazon PLCC Free-Financing Universal Merchant AAT-XXRCW6NZEPZI4,Amazon PLCC Free-Financing Universal Merchant AAT-EOKPWFWYW7Y6I,Amazon PLCC Free-Financing Universal Merchant AAT-ZYL5UPUNW6T62,Amazon PLCC Free-Financing Universal Merchant AAT-G5ZRX4BZOIODU,Amazon PLCC Free-Financing Universal Merchant AAT-PZHUW6DZX4BPS,Amazon PLCC Free-Financing Universal Merchant AAT-ETXQ3XXWMRXBG,Amazon PLCC Free-Financing Universal Merchant AAT-TNYBHEAO7HOHO,Amazon PLCC Free-Financing Universal Merchant AAT-BRSZZ45H6MHAO,Amazon PLCC Free-Financing Universal Merchant AAT-MKLXOOZWQL7GO,Amazon PLCC Free-Financing Universal Merchant AAT-CB7UNXEXGIJTC,Amazon PLCC Free-Financing Universal Merchant #MP-gzasho-1593152694811,Amazon PLCC Free-Financing Universal Merchant AAT-WLBA4GZ52EAH4,Amazon PLCC Free-Financing Universal Merchant AAT-QMFZ3M7T5NPDS,Amazon PLCC Free-Financing Universal Merchant #MP-pmilan-1601980554292",False,Easy Ship,,4.0,April,2022.0,2.0,Sunday
10747,406-2688961-1792308,2022-04-24,Shipped,Amazon,Amazon.in,Expedited,JNE3461,JNE3461-KR-XXXL,Kurta,3XL,B08B3YC7HZ,Shipped,1.0,INR,363.0,Gokavaram,Andhra Pradesh,533286.0,IN,IN Core Free Shipping 2015/04/08 23-48-5-108,True,,,4.0,April,2022.0,2.0,Sunday
16030,408-6268692-2456321,2022-04-21,Shipped - Delivered To Buyer,Merchant,Amazon.in,Standard,MEN5022,MEN5022-KR-M,Kurta,M,B08YYV8NZL,Shipped,1.0,INR,549.0,Guna,Madhya Pradesh,473001.0,IN,"Amazon PLCC Free-Financing Universal Merchant AAT-WNKTBO3K27EJC,Amazon PLCC Free-Financing Universal Merchant AAT-QX3UCCJESKPA2,Amazon PLCC Free-Financing Universal Merchant AAT-5QQ7BIYYQEDN2,Amazon PLCC Free-Financing Universal Merchant AAT-DSJ2QRXXWXVMQ,Amazon PLCC Free-Financing Universal Merchant AAT-CXJHMC2YJUK76,Amazon PLCC Free-Financing Universal Merchant AAT-SL3Y2YRMAUNFC,Amazon PLCC Free-Financing Universal Merchant AAT-CC4FAVTYR4X7C,Amazon PLCC Free-Financing Universal Merchant AAT-XXRCW6NZEPZI4,Amazon PLCC Free-Financing Universal Merchant AAT-EOKPWFWYW7Y6I,Amazon PLCC Free-Financing Universal Merchant AAT-ZYL5UPUNW6T62,Amazon PLCC Free-Financing Universal Merchant AAT-G5ZRX4BZOIODU,Amazon PLCC Free-Financing Universal Merchant AAT-6PE7LSBGRLMV2,Amazon PLCC Free-Financing Universal Merchant AAT-DELQQPYRTQEMS,Amazon PLCC Free-Financing Universal Merchant AAT-TNYBHEAO7HOHO,Amazon PLCC Free-Financing Universal Merchant AAT-BRSZZ45H6MHAO,Amazon PLCC Free-Financing Universal Merchant AAT-MKLXOOZWQL7GO,Amazon PLCC Free-Financing Universal Merchant AAT-CB7UNXEXGIJTC,Amazon PLCC Free-Financing Universal Merchant #MP-gzasho-1593152694811,Amazon PLCC Free-Financing Universal Merchant AAT-WLBA4GZ52EAH4,Amazon PLCC Free-Financing Universal Merchant AAT-QMFZ3M7T5NPDS,Amazon PLCC Free-Financing Universal Merchant #MP-pmilan-1601980554292",False,Easy Ship,,4.0,April,2022.0,2.0,Thursday
22498,171-0173243-8860327,2022-04-17,Cancelled,Amazon,Amazon.in,Expedited,JNE3686,JNE3686-TU-XL,Top,XL,B0943HX9XL,Unshipped,1.0,INR,433.0,Imphal,Manipur,795003.0,IN,,False,,,4.0,April,2022.0,2.0,Sunday
28451,404-3720039-6513926,2022-04-13,Shipped - Delivered To Buyer,Merchant,Amazon.in,Standard,JNE3730,JNE3730-KR-M,Kurta,M,B09HMK3P9S,Shipped,1.0,INR,299.0,Ballari,Karnataka,583101.0,IN,"Amazon PLCC Free-Financing Universal Merchant AAT-WNKTBO3K27EJC,Amazon PLCC Free-Financing Universal Merchant AAT-QX3UCCJESKPA2,Amazon PLCC Free-Financing Universal Merchant AAT-CXJHMC2YJUK76,Amazon PLCC Free-Financing Universal Merchant AAT-CC4FAVTYR4X7C,Amazon PLCC Free-Financing Universal Merchant AAT-XXRCW6NZEPZI4,Amazon PLCC Free-Financing Universal Merchant AAT-CXNSLNBROFDW4,Amazon PLCC Free-Financing Universal Merchant AAT-R7GXNZWISTRFA,Amazon PLCC Free-Financing Universal Merchant AAT-WSJLDN3X7KEMO,Amazon PLCC Free-Financing Universal Merchant AAT-VL6FGQVGQVXUS,Amazon PLCC Free-Financing Universal Merchant AAT-EOKPWFWYW7Y6I,Amazon PLCC Free-Financing Universal Merchant AAT-ZYL5UPUNW6T62,Amazon PLCC Free-Financing Universal Merchant AAT-G5ZRX4BZOIODU,Amazon PLCC Free-Financing Universal Merchant AAT-P3CSUAK4HTEP2,Amazon PLCC Free-Financing Universal Merchant AAT-ACZIPIA37BFIY,Amazon PLCC Free-Financing Universal Merchant AAT-LMLYJV5SYVNDA,Amazon PLCC Free-Financing Universal Merchant AAT-4UKS7UWZY3AES,Amazon PLCC Free-Financing Universal Merchant AAT-PZHUW6DZX4BPS,Amazon PLCC Free-Financing Universal Merchant AAT-BRSZZ45H6MHAO,Amazon PLCC Free-Financing Universal Merchant AAT-MKLXOOZWQL7GO,Amazon PLCC Free-Financing Universal Merchant AAT-CB7UNXEXGIJTC,Amazon PLCC Free-Financing Universal Merchant #MP-gzasho-1593152694811,Amazon PLCC Free-Financing Universal Merchant AAT-WLBA4GZ52EAH4",False,Easy Ship,,4.0,April,2022.0,2.0,Wednesday
13172,404-9618397-3201153,2022-04-22,Shipped,Amazon,Amazon.in,Expedited,JNE3468,JNE3468-KR-S,Kurta,S,B08RP3YXBX,Shipped,1.0,INR,352.0,Soro,Odisha,756045.0,IN,IN Core Free Shipping 2015/04/08 23-48-5-108,False,,,4.0,April,2022.0,2.0,Friday
1043,403-7692763-8092362,2022-04-30,Shipped,Amazon,Amazon.in,Expedited,JNE3691,JNE3691-TU-M,Top,M,B0986YS2YT,Shipped,1.0,INR,625.0,Badlapur,Maharashtra,421503.0,IN,,False,,,4.0,April,2022.0,2.0,Saturday
2507,402-8062358-5444355,2022-04-29,Shipped,Amazon,Amazon.in,Expedited,JNE3785,JNE3785-KR-S,Kurta,S,B09K3W31TF,Shipped,1.0,INR,362.0,Durg,Chhattisgarh,491001.0,IN,,False,,,4.0,April,2022.0,2.0,Friday
26534,402-8036851-8367557,2022-04-14,Shipped,Amazon,Amazon.in,Expedited,SET405,SET405-KR-NP-XL,Set,XL,B09QJ3XPJ8,Shipped,1.0,INR,771.0,Mumbai,Maharashtra,400080.0,IN,IN Core Free Shipping 2015/04/08 23-48-5-108,False,,,4.0,April,2022.0,2.0,Thursday
896,406-7221225-8921144,2022-04-30,Shipped - Delivered To Buyer,Merchant,Amazon.in,Standard,SET345,SET345-KR-NP-XL,Set,XL,B09KXWW582,Shipped,1.0,INR,626.0,Nagpur,Maharashtra,440013.0,IN,"Amazon PLCC Free-Financing Universal Merchant AAT-WNKTBO3K27EJC,Amazon PLCC Free-Financing Universal Merchant AAT-QX3UCCJESKPA2,Amazon PLCC Free-Financing Universal Merchant AAT-5QQ7BIYYQEDN2,Amazon PLCC Free-Financing Universal Merchant AAT-DSJ2QRXXWXVMQ,Amazon PLCC Free-Financing Universal Merchant AAT-CXJHMC2YJUK76,Amazon PLCC Free-Financing Universal Merchant AAT-CC4FAVTYR4X7C,Amazon PLCC Free-Financing Universal Merchant AAT-XXRCW6NZEPZI4,Amazon PLCC Free-Financing Universal Merchant AAT-R7GXNZWISTRFA,Amazon PLCC Free-Financing Universal Merchant AAT-EOKPWFWYW7Y6I,Amazon PLCC Free-Financing Universal Merchant AAT-ZYL5UPUNW6T62,Amazon PLCC Free-Financing Universal Merchant AAT-PZHUW6DZX4BPS,Amazon PLCC Free-Financing Universal Merchant AAT-ETXQ3XXWMRXBG,Amazon PLCC Free-Financing Universal Merchant AAT-7X3XCTYG64VBE,Amazon PLCC Free-Financing Universal Merchant AAT-7CHGD3WTS3MHM,Amazon PLCC Free-Financing Universal Merchant AAT-26ZDKNME27X42,Amazon PLCC Free-Financing Universal Merchant AAT-4ZF5KN6E4LJK4,Amazon PLCC Free-Financing Universal Merchant AAT-7RCXIKUAX7DDY,Amazon PLCC Free-Financing Universal Merchant AAT-BRSZZ45H6MHAO,Amazon PLCC Free-Financing Universal Merchant AAT-MKLXOOZWQL7GO,Amazon PLCC Free-Financing Universal Merchant AAT-CB7UNXEXGIJTC,Amazon PLCC Free-Financing Universal Merchant #MP-gzasho-1593152694811,Amazon PLCC Free-Financing Universal Merchant AAT-WLBA4GZ52EAH4,Amazon PLCC Free-Financing Universal Merchant #MP-pmilan-1601980554292",False,Easy Ship,,4.0,April,2022.0,2.0,Saturday
23582,408-1114589-4210701,2022-04-16,Shipped,Amazon,Amazon.in,Expedited,J0341,J0341-DR-L,Western Dress,L,B099NRCT7B,Shipped,1.0,INR,744.0,Hyderabad,Telangana,501301.0,IN,IN Core Free Shipping 2015/04/08 23-48-5-108,False,,,4.0,April,2022.0,2.0,Saturday
26429,403-8617576-5232345,2022-04-14,Shipped,Amazon,Amazon.in,Expedited,JNE3566,JNE3566-KR-XXL,Kurta,XXL,B08MXCJDTN,Shipped,1.0,INR,419.0,Kolkata,West Bengal,700014.0,IN,,False,,,4.0,April,2022.0,2.0,Thursday
4762,403-1718228-3634768,2022-04-27,Cancelled,Amazon,Amazon.in,Expedited,SET365,SET365-KR-NP-XS,Set,XS,B09QJ4D499,Unshipped,1.0,INR,1099.0,Hosapete,Karnataka,583201.0,IN,,False,,,4.0,April,2022.0,2.0,Wednesday
15014,171-9238676-1877917,2022-04-21,Shipped,Amazon,Amazon.in,Expedited,SET331,SET331-KR-NP-XXL,Set,XXL,B09NQ3P98W,Shipped,1.0,INR,635.0,Kalyan,Maharashtra,421301.0,IN,IN Core Free Shipping 2015/04/08 23-48-5-108,False,,,4.0,April,2022.0,2.0,Thursday
21175,171-0618136-8916361,2022-04-17,Shipped - Delivered To Buyer,Merchant,Amazon.in,Standard,JNE1233,JNE1233-BLUE-KR-031-XL,Kurta,XL,B01LYC0N7Q,Shipped,1.0,INR,376.0,Raipur,Chhattisgarh,492001.0,IN,"Amazon PLCC Free-Financing Universal Merchant AAT-WNKTBO3K27EJC,Amazon PLCC Free-Financing Universal Merchant AAT-QX3UCCJESKPA2,Amazon PLCC Free-Financing Universal Merchant AAT-CXJHMC2YJUK76,Amazon PLCC Free-Financing Universal Merchant AAT-CC4FAVTYR4X7C,Amazon PLCC Free-Financing Universal Merchant AAT-XXRCW6NZEPZI4,Amazon PLCC Free-Financing Universal Merchant AAT-EOKPWFWYW7Y6I,Amazon PLCC Free-Financing Universal Merchant AAT-G5ZRX4BZOIODU,Amazon PLCC Free-Financing Universal Merchant AAT-PZHUW6DZX4BPS,Amazon PLCC Free-Financing Universal Merchant AAT-XX7G3ZRJJJ5LG,Amazon PLCC Free-Financing Universal Merchant AAT-LEHCKNDBJG64E,Amazon PLCC Free-Financing Universal Merchant AAT-DJVHCEV7D7RQY,Amazon PLCC Free-Financing Universal Merchant AAT-BRSZZ45H6MHAO,Amazon PLCC Free-Financing Universal Merchant AAT-MKLXOOZWQL7GO,Amazon PLCC Free-Financing Universal Merchant AAT-CB7UNXEXGIJTC,Amazon PLCC Free-Financing Universal Merchant #MP-gzasho-1593152694811,Amazon PLCC Free-Financing Universal Merchant AAT-WLBA4GZ52EAH4",False,Easy Ship,,4.0,April,2022.0,2.0,Sunday
26604,408-7040369-7537952,2022-04-14,Shipped,Amazon,Amazon.in,Expedited,JNE3291,JNE3291-KR-XL,Kurta,XL,B07R4XJNW3,Shipped,1.0,INR,442.0,Nagpur,Maharashtra,440007.0,IN,,False,,,4.0,April,2022.0,2.0,Thursday
30024,405-5106963-2252339,2022-12-04,Shipped,Amazon,Amazon.in,Expedited,MEN5023,MEN5023-KR-XXL,Kurta,XXL,B08YYZ1RYT,Shipped,1.0,INR,549.0,Mumbai,Maharashtra,400061.0,IN,,False,,,12.0,December,2022.0,4.0,Sunday
21913,405-9433179-2985149,2022-04-17,Shipped,Amazon,Amazon.in,Expedited,SET264,SET264-KR-NP-M,Set,M,B08YN44FZJ,Shipped,1.0,INR,824.0,Bengaluru,Karnataka,560103.0,IN,,False,,,4.0,April,2022.0,2.0,Sunday
14149,171-4189697-7604323,2022-04-22,Shipped,Amazon,Amazon.in,Expedited,SET264,SET264-KR-NP-M,Set,M,B08YN44FZJ,Shipped,1.0,INR,824.0,Visakhapatnam,Andhra Pradesh,530018.0,IN,,False,,,4.0,April,2022.0,2.0,Friday
26925,171-3496245-3712325,2022-04-14,Shipped,Amazon,Amazon.in,Expedited,SET267,SET267-KR-NP-XS,Set,XS,B09BQL7JPR,Shipped,1.0,INR,852.0,Mumbai,Maharashtra,400008.0,IN,IN Core Free Shipping 2015/04/08 23-48-5-108,False,,,4.0,April,2022.0,2.0,Thursday
22666,403-8737356-2831500,2022-04-17,Shipped - Delivered To Buyer,Merchant,Amazon.in,Standard,SET291,SET291-KR-PP-XS,Set,XS,B099NJKQP6,Shipped,1.0,INR,599.0,Lucknow,Uttar Pradesh,226021.0,IN,"Amazon PLCC Free-Financing Universal Merchant AAT-WNKTBO3K27EJC,Amazon PLCC Free-Financing Universal Merchant AAT-QX3UCCJESKPA2,Amazon PLCC Free-Financing Universal Merchant AAT-CXJHMC2YJUK76,Amazon PLCC Free-Financing Universal Merchant AAT-CC4FAVTYR4X7C,Amazon PLCC Free-Financing Universal Merchant AAT-XXRCW6NZEPZI4,Amazon PLCC Free-Financing Universal Merchant AAT-EOKPWFWYW7Y6I,Amazon PLCC Free-Financing Universal Merchant AAT-ZYL5UPUNW6T62,Amazon PLCC Free-Financing Universal Merchant AAT-G5ZRX4BZOIODU,Amazon PLCC Free-Financing Universal Merchant AAT-PZHUW6DZX4BPS,Amazon PLCC Free-Financing Universal Merchant AAT-XX7G3ZRJJJ5LG,Amazon PLCC Free-Financing Universal Merchant AAT-LEHCKNDBJG64E,Amazon PLCC Free-Financing Universal Merchant AAT-DJVHCEV7D7RQY,Amazon PLCC Free-Financing Universal Merchant AAT-BRSZZ45H6MHAO,Amazon PLCC Free-Financing Universal Merchant AAT-MKLXOOZWQL7GO,Amazon PLCC Free-Financing Universal Merchant AAT-CB7UNXEXGIJTC,Amazon PLCC Free-Financing Universal Merchant #MP-gzasho-1593152694811,Amazon PLCC Free-Financing Universal Merchant AAT-WLBA4GZ52EAH4",False,Easy Ship,,4.0,April,2022.0,2.0,Sunday
22920,402-5528027-0114753,2022-04-16,Shipped,Amazon,Amazon.in,Expedited,SET365,SET365-KR-NP-S,Set,S,B09QJMCBD6,Shipped,1.0,INR,1099.0,Bengaluru,Karnataka,560066.0,IN,,False,,,4.0,April,2022.0,2.0,Saturday
21608,402-8612174-6134720,2022-04-17,Shipped,Amazon,Amazon.in,Expedited,SET324,SET324-KR-NP-L,Set,L,B09NQ44RNV,Shipped,1.0,INR,597.0,Pinarayi,Kerala,670741.0,IN,IN Core Free Shipping 2015/04/08 23-48-5-108,False,,,4.0,April,2022.0,2.0,Sunday
11603,408-1572979-9229109,2022-04-23,Shipped,Amazon,Amazon.in,Expedited,J0343,J0343-DR-L,Western Dress,L,B098P4234P,Shipped,1.0,INR,791.0,Hyderabad,Telangana,500090.0,IN,IN Core Free Shipping 2015/04/08 23-48-5-108,False,,,4.0,April,2022.0,2.0,Saturday
13985,408-6642501-9950746,2022-04-22,Shipped,Amazon,Amazon.in,Expedited,SET268,SET268-KR-NP-L,Set,L,B08XQ8MCKP,Shipped,1.0,INR,788.0,Navi Mumbai,Maharashtra,400706.0,IN,,False,,,4.0,April,2022.0,2.0,Friday
30770,403-9931611-1243514,2022-12-04,Shipped,Amazon,Amazon.in,Expedited,JNE3405,JNE3405-KR-XXL,Kurta,XXL,B081WSL2JS,Shipped,1.0,INR,399.0,Kalyan,Maharashtra,421002.0,IN,,False,,,12.0,December,2022.0,4.0,Sunday
10009,406-2074926-8049918,2022-04-24,Shipped,Amazon,Amazon.in,Expedited,SET374,SET374-KR-NP-L,Set,L,B09NDKQD88,Shipped,1.0,INR,597.0,Rewari,Haryana,123401.0,IN,IN Core Free Shipping 2015/04/08 23-48-5-108,False,,,4.0,April,2022.0,2.0,Sunday
23031,408-2706042-1625161,2022-04-16,Shipped - Delivered To Buyer,Merchant,Amazon.in,Standard,JNE3468,JNE3468-KR-L,Kurta,L,B08RP69C9N,Shipped,1.0,INR,352.0,Noida,Uttar Pradesh,201301.0,IN,"Amazon PLCC Free-Financing Universal Merchant AAT-WNKTBO3K27EJC,Amazon PLCC Free-Financing Universal Merchant AAT-QX3UCCJESKPA2,Amazon PLCC Free-Financing Universal Merchant AAT-CXJHMC2YJUK76,Amazon PLCC Free-Financing Universal Merchant AAT-CC4FAVTYR4X7C,Amazon PLCC Free-Financing Universal Merchant AAT-XXRCW6NZEPZI4,Amazon PLCC Free-Financing Universal Merchant AAT-EOKPWFWYW7Y6I,Amazon PLCC Free-Financing Universal Merchant AAT-G5ZRX4BZOIODU,Amazon PLCC Free-Financing Universal Merchant AAT-PZHUW6DZX4BPS,Amazon PLCC Free-Financing Universal Merchant AAT-XX7G3ZRJJJ5LG,Amazon PLCC Free-Financing Universal Merchant AAT-LEHCKNDBJG64E,Amazon PLCC Free-Financing Universal Merchant AAT-DJVHCEV7D7RQY,Amazon PLCC Free-Financing Universal Merchant AAT-BRSZZ45H6MHAO,Amazon PLCC Free-Financing Universal Merchant AAT-MKLXOOZWQL7GO,Amazon PLCC Free-Financing Universal Merchant AAT-CB7UNXEXGIJTC,Amazon PLCC Free-Financing Universal Merchant #MP-gzasho-1593152694811,Amazon PLCC Free-Financing Universal Merchant AAT-WLBA4GZ52EAH4",False,Easy Ship,,4.0,April,2022.0,2.0,Saturday
15712,407-9833812-8489932,2022-04-21,Shipped - Delivered To Buyer,Merchant,Amazon.in,Standard,J0161,J0161-DR-XS,Western Dress,XS,B08V17851C,Shipped,1.0,INR,473.0,Vasai Virar,Maharashtra,401202.0,IN,"Amazon PLCC Free-Financing Universal Merchant AAT-WNKTBO3K27EJC,Amazon PLCC Free-Financing Universal Merchant AAT-QX3UCCJESKPA2,Amazon PLCC Free-Financing Universal Merchant AAT-5QQ7BIYYQEDN2,Amazon PLCC Free-Financing Universal Merchant AAT-DSJ2QRXXWXVMQ,Amazon PLCC Free-Financing Universal Merchant AAT-CXJHMC2YJUK76,Amazon PLCC Free-Financing Universal Merchant AAT-CC4FAVTYR4X7C,Amazon PLCC Free-Financing Universal Merchant AAT-XXRCW6NZEPZI4,Amazon PLCC Free-Financing Universal Merchant AAT-CXNSLNBROFDW4,Amazon PLCC Free-Financing Universal Merchant AAT-WSJLDN3X7KEMO,Amazon PLCC Free-Financing Universal Merchant AAT-VL6FGQVGQVXUS,Amazon PLCC Free-Financing Universal Merchant AAT-EOKPWFWYW7Y6I,Amazon PLCC Free-Financing Universal Merchant AAT-ZYL5UPUNW6T62,Amazon PLCC Free-Financing Universal Merchant AAT-XVPICCHRWDCAI,Amazon PLCC Free-Financing Universal Merchant AAT-G5ZRX4BZOIODU,Amazon PLCC Free-Financing Universal Merchant AAT-ACZIPIA37BFIY,Amazon PLCC Free-Financing Universal Merchant AAT-6PE7LSBGRLMV2,Amazon PLCC Free-Financing Universal Merchant AAT-4UKS7UWZY3AES,Amazon PLCC Free-Financing Universal Merchant AAT-PZHUW6DZX4BPS,Amazon PLCC Free-Financing Universal Merchant AAT-BRSZZ45H6MHAO,Amazon PLCC Free-Financing Universal Merchant AAT-MKLXOOZWQL7GO,Amazon PLCC Free-Financing Universal Merchant AAT-CB7UNXEXGIJTC,Amazon PLCC Free-Financing Universal Merchant #MP-gzasho-1593152694811,Amazon PLCC Free-Financing Universal Merchant AAT-WLBA4GZ52EAH4",False,Easy Ship,,4.0,April,2022.0,2.0,Thursday
7539,407-1898384-6992359,2022-04-25,Shipped - Delivered To Buyer,Merchant,Amazon.in,Standard,J0236,J0236-SKD-XS,Set,XS,B08ZYR2ZVM,Shipped,1.0,INR,922.0,Shahjahanpur,Uttar Pradesh,242001.0,IN,"Amazon PLCC Free-Financing Universal Merchant AAT-WNKTBO3K27EJC,Amazon PLCC Free-Financing Universal Merchant AAT-QX3UCCJESKPA2,Amazon PLCC Free-Financing Universal Merchant AAT-5QQ7BIYYQEDN2,Amazon PLCC Free-Financing Universal Merchant AAT-DSJ2QRXXWXVMQ,Amazon PLCC Free-Financing Universal Merchant AAT-CXJHMC2YJUK76,Amazon PLCC Free-Financing Universal Merchant AAT-CC4FAVTYR4X7C,Amazon PLCC Free-Financing Universal Merchant AAT-XXRCW6NZEPZI4,Amazon PLCC Free-Financing Universal Merchant AAT-EOKPWFWYW7Y6I,Amazon PLCC Free-Financing Universal Merchant AAT-ZYL5UPUNW6T62,Amazon PLCC Free-Financing Universal Merchant AAT-G5ZRX4BZOIODU,Amazon PLCC Free-Financing Universal Merchant AAT-PZHUW6DZX4BPS,Amazon PLCC Free-Financing Universal Merchant AAT-ETXQ3XXWMRXBG,Amazon PLCC Free-Financing Universal Merchant AAT-7X3XCTYG64VBE,Amazon PLCC Free-Financing Universal Merchant AAT-7CHGD3WTS3MHM,Amazon PLCC Free-Financing Universal Merchant AAT-26ZDKNME27X42,Amazon PLCC Free-Financing Universal Merchant AAT-4ZF5KN6E4LJK4,Amazon PLCC Free-Financing Universal Merchant AAT-7RCXIKUAX7DDY,Amazon PLCC Free-Financing Universal Merchant AAT-BRSZZ45H6MHAO,Amazon PLCC Free-Financing Universal Merchant AAT-MKLXOOZWQL7GO,Amazon PLCC Free-Financing Universal Merchant AAT-CB7UNXEXGIJTC,Amazon PLCC Free-Financing Universal Merchant #MP-gzasho-1593152694811,Amazon PLCC Free-Financing Universal Merchant AAT-WLBA4GZ52EAH4,Amazon PLCC Free-Financing Universal Merchant #MP-pmilan-1601980554292",False,Easy Ship,,4.0,April,2022.0,2.0,Monday
28695,402-2723690-8977110,2022-04-13,Shipped,Amazon,Amazon.in,Expedited,SET187,SET187-KR-DH-M,Set,M,B08B412RJH,Shipped,1.0,INR,599.0,Chennai,Tamil Nadu,600088.0,IN,,False,,,4.0,April,2022.0,2.0,Wednesday
14351,407-0038044-3712367,2022-04-21,Cancelled,Amazon,Amazon.in,Expedited,JNE3702,JNE3702-KR-L,Kurta,L,B093ZS1FTT,Unshipped,1.0,INR,342.0,Guntur,Andhra Pradesh,522259.0,IN,,False,,,4.0,April,2022.0,2.0,Thursday
24836,406-2880184-1886737,2022-04-15,Shipped,Amazon,Amazon.in,Expedited,JNE3405,JNE3405-KR-XS,Kurta,XS,B081XCMYXJ,Shipped,1.0,INR,399.0,Kothakota,Telangana,509381.0,IN,IN Core Free Shipping 2015/04/08 23-48-5-108,False,,,4.0,April,2022.0,2.0,Friday
18251,171-3657676-9718719,2022-04-19,Shipped - Returned To Seller,Merchant,Amazon.in,Standard,JNE3384,JNE3384-KR-XXL,Kurta,XXL,B084KJS373,Shipped,1.0,INR,295.0,Bengaluru,Karnataka,560076.0,IN,"Amazon PLCC Free-Financing Universal Merchant AAT-WNKTBO3K27EJC,Amazon PLCC Free-Financing Universal Merchant AAT-QX3UCCJESKPA2,Amazon PLCC Free-Financing Universal Merchant AAT-CXJHMC2YJUK76,Amazon PLCC Free-Financing Universal Merchant AAT-SL3Y2YRMAUNFC,Amazon PLCC Free-Financing Universal Merchant AAT-CC4FAVTYR4X7C,Amazon PLCC Free-Financing Universal Merchant AAT-XXRCW6NZEPZI4,Amazon PLCC Free-Financing Universal Merchant AAT-R7GXNZWISTRFA,Amazon PLCC Free-Financing Universal Merchant AAT-EOKPWFWYW7Y6I,Amazon PLCC Free-Financing Universal Merchant AAT-ZYL5UPUNW6T62,Amazon PLCC Free-Financing Universal Merchant AAT-G5ZRX4BZOIODU,Amazon PLCC Free-Financing Universal Merchant AAT-P3CSUAK4HTEP2,Amazon PLCC Free-Financing Universal Merchant AAT-PZHUW6DZX4BPS,Amazon PLCC Free-Financing Universal Merchant AAT-XX7G3ZRJJJ5LG,Amazon PLCC Free-Financing Universal Merchant AAT-LEHCKNDBJG64E,Amazon PLCC Free-Financing Universal Merchant AAT-DJVHCEV7D7RQY,Amazon PLCC Free-Financing Universal Merchant AAT-BRSZZ45H6MHAO,Amazon PLCC Free-Financing Universal Merchant AAT-MKLXOOZWQL7GO,Amazon PLCC Free-Financing Universal Merchant AAT-CB7UNXEXGIJTC,Amazon PLCC Free-Financing Universal Merchant #MP-gzasho-1593152694811,Amazon PLCC Free-Financing Universal Merchant AAT-WLBA4GZ52EAH4,Amazon PLCC Free-Financing Universal Merchant #MP-pmilan-1601980554292",False,Easy Ship,,4.0,April,2022.0,2.0,Tuesday
10861,404-5338122-6794756,2022-04-23,Shipped,Amazon,Amazon.in,Expedited,JNE3609,JNE3609-KR-XXXL,Kurta,3XL,B08W2R1L7V,Shipped,1.0,INR,568.0,Bengaluru,Karnataka,560045.0,IN,IN Core Free Shipping 2015/04/08 23-48-5-108,False,,,4.0,April,2022.0,2.0,Saturday
9161,403-2012909-7384329,2022-04-24,Cancelled,Merchant,Amazon.in,Standard,SET184,SET184-KR-PP-L,Set,L,B08W9P5TV7,,0.0,INR,536.19,Akhnoor,Jammu & Kashmir,181201.0,IN,,False,Easy Ship,,4.0,April,2022.0,2.0,Sunday
5954,406-4061927-6948324,2022-04-26,Shipped,Amazon,Amazon.in,Expedited,J0217,J0217-BL-M,Blouse,M,B09KXVVR34,Shipped,1.0,INR,665.0,Pune,Maharashtra,411031.0,IN,IN Core Free Shipping 2015/04/08 23-48-5-108,False,,,4.0,April,2022.0,2.0,Tuesday
29845,403-6628421-5942707,2022-04-13,Shipped,Amazon,Amazon.in,Expedited,J0002,J0002-SKD-L,Set,L,B0894X3VKQ,Shipped,1.0,INR,1115.0,Nellore,Andhra Pradesh,524003.0,IN,,False,,,4.0,April,2022.0,2.0,Wednesday
10608,407-7594530-1734722,2022-04-24,Shipped,Amazon,Amazon.in,Expedited,JNE3465,JNE3465-KR-XXL,Kurta,XXL,B08BFT4ZKX,Shipped,1.0,INR,486.0,Bengaluru,Karnataka,560096.0,IN,,False,,,4.0,April,2022.0,2.0,Sunday
13599,408-4427884-7597923,2022-04-22,Shipped - Delivered To Buyer,Merchant,Amazon.in,Standard,SET398,SET398-KR-PP-M,Set,M,B09RPRS8JL,Shipped,1.0,INR,1115.0,Patna,Bihar,801505.0,IN,"Amazon PLCC Free-Financing Universal Merchant AAT-WNKTBO3K27EJC,Amazon PLCC Free-Financing Universal Merchant AAT-QX3UCCJESKPA2,Amazon PLCC Free-Financing Universal Merchant AAT-5QQ7BIYYQEDN2,Amazon PLCC Free-Financing Universal Merchant AAT-DSJ2QRXXWXVMQ,Amazon PLCC Free-Financing Universal Merchant AAT-CXJHMC2YJUK76,Amazon PLCC Free-Financing Universal Merchant AAT-CC4FAVTYR4X7C,Amazon PLCC Free-Financing Universal Merchant AAT-XXRCW6NZEPZI4,Amazon PLCC Free-Financing Universal Merchant AAT-EOKPWFWYW7Y6I,Amazon PLCC Free-Financing Universal Merchant AAT-ZYL5UPUNW6T62,Amazon PLCC Free-Financing Universal Merchant AAT-G5ZRX4BZOIODU,Amazon PLCC Free-Financing Universal Merchant AAT-MYWMDU232W4HO,Amazon PLCC Free-Financing Universal Merchant AAT-PZHUW6DZX4BPS,Amazon PLCC Free-Financing Universal Merchant AAT-BRSZZ45H6MHAO,Amazon PLCC Free-Financing Universal Merchant AAT-MKLXOOZWQL7GO,Amazon PLCC Free-Financing Universal Merchant AAT-CB7UNXEXGIJTC,Amazon PLCC Free-Financing Universal Merchant #MP-gzasho-1593152694811,Amazon PLCC Free-Financing Universal Merchant AAT-WLBA4GZ52EAH4",False,Easy Ship,,4.0,April,2022.0,2.0,Friday
2842,408-5501152-0064344,2022-04-29,Shipped - Delivered To Buyer,Merchant,Amazon.in,Standard,SET291,SET291-KR-PP-XXXL,Set,3XL,B099NFZJVC,Shipped,1.0,INR,563.0,Aligarh,Uttar Pradesh,202001.0,IN,"Amazon PLCC Free-Financing Universal Merchant AAT-WNKTBO3K27EJC,Amazon PLCC Free-Financing Universal Merchant AAT-QX3UCCJESKPA2,Amazon PLCC Free-Financing Universal Merchant AAT-5QQ7BIYYQEDN2,Amazon PLCC Free-Financing Universal Merchant AAT-DSJ2QRXXWXVMQ,Amazon PLCC Free-Financing Universal Merchant AAT-CXJHMC2YJUK76,Amazon PLCC Free-Financing Universal Merchant AAT-SL3Y2YRMAUNFC,Amazon PLCC Free-Financing Universal Merchant AAT-CC4FAVTYR4X7C,Amazon PLCC Free-Financing Universal Merchant AAT-XXRCW6NZEPZI4,Amazon PLCC Free-Financing Universal Merchant AAT-R7GXNZWISTRFA,Amazon PLCC Free-Financing Universal Merchant AAT-EOKPWFWYW7Y6I,Amazon PLCC Free-Financing Universal Merchant AAT-ZYL5UPUNW6T62,Amazon PLCC Free-Financing Universal Merchant AAT-N6QGG4HRHN6T4,Amazon PLCC Free-Financing Universal Merchant SS-1649410271076,Amazon PLCC Free-Financing Universal Merchant AAT-PZHUW6DZX4BPS,Amazon PLCC Free-Financing Universal Merchant AAT-ETXQ3XXWMRXBG,Amazon PLCC Free-Financing Universal Merchant AAT-7X3XCTYG64VBE,Amazon PLCC Free-Financing Universal Merchant AAT-7CHGD3WTS3MHM,Amazon PLCC Free-Financing Universal Merchant AAT-26ZDKNME27X42,Amazon PLCC Free-Financing Universal Merchant AAT-4ZF5KN6E4LJK4,Amazon PLCC Free-Financing Universal Merchant AAT-7RCXIKUAX7DDY,Amazon PLCC Free-Financing Universal Merchant AAT-BRSZZ45H6MHAO,Amazon PLCC Free-Financing Universal Merchant AAT-MKLXOOZWQL7GO,Amazon PLCC Free-Financing Universal Merchant AAT-CB7UNXEXGIJTC,Amazon PLCC Free-Financing Universal Merchant #MP-gzasho-1593152694811,Amazon PLCC Free-Financing Universal Merchant AAT-WLBA4GZ52EAH4",True,Easy Ship,,4.0,April,2022.0,2.0,Friday
25606,405-1391947-0609936,2022-04-15,Shipped,Amazon,Amazon.in,Expedited,JNE3373,JNE3373-KR-M,Kurta,M,B082W8F8P3,Shipped,1.0,INR,376.0,Bengaluru,Karnataka,560087.0,IN,IN Core Free Shipping 2015/04/08 23-48-5-108,False,,,4.0,April,2022.0,2.0,Friday
30430,404-2723217-9994743,2022-12-04,Shipped,Amazon,Amazon.in,Expedited,J0092,J0092-SET-L,Set,L,B089FZ6SFC,Shipped,1.0,INR,833.0,Chennai,Tamil Nadu,600040.0,IN,,False,,,12.0,December,2022.0,4.0,Sunday
19772,408-7714580-9284353,2022-04-18,Shipped - Returned To Seller,Merchant,Amazon.in,Standard,JNE3405,JNE3405-KR-M,Kurta,M,B081WVMMCY,Shipped,1.0,INR,399.0,Ranchi,Jharkhand,834001.0,IN,"Amazon PLCC Free-Financing Universal Merchant AAT-WNKTBO3K27EJC,Amazon PLCC Free-Financing Universal Merchant AAT-QX3UCCJESKPA2,Amazon PLCC Free-Financing Universal Merchant AAT-CXJHMC2YJUK76,Amazon PLCC Free-Financing Universal Merchant AAT-CC4FAVTYR4X7C,Amazon PLCC Free-Financing Universal Merchant AAT-XXRCW6NZEPZI4,Amazon PLCC Free-Financing Universal Merchant AAT-EOKPWFWYW7Y6I,Amazon PLCC Free-Financing Universal Merchant AAT-ZYL5UPUNW6T62,Amazon PLCC Free-Financing Universal Merchant AAT-RSTHMTL7LSZQI,Amazon PLCC Free-Financing Universal Merchant AAT-G5ZRX4BZOIODU,Amazon PLCC Free-Financing Universal Merchant AAT-PZHUW6DZX4BPS,Amazon PLCC Free-Financing Universal Merchant AAT-AWMMZNGS33JGQ,Amazon PLCC Free-Financing Universal Merchant AAT-XX7G3ZRJJJ5LG,Amazon PLCC Free-Financing Universal Merchant AAT-LEHCKNDBJG64E,Amazon PLCC Free-Financing Universal Merchant AAT-DJVHCEV7D7RQY,Amazon PLCC Free-Financing Universal Merchant AAT-BRSZZ45H6MHAO,Amazon PLCC Free-Financing Universal Merchant AAT-MKLXOOZWQL7GO,Amazon PLCC Free-Financing Universal Merchant AAT-CB7UNXEXGIJTC,Amazon PLCC Free-Financing Universal Merchant #MP-gzasho-1593152694811,Amazon PLCC Free-Financing Universal Merchant AAT-WLBA4GZ52EAH4",False,Easy Ship,,4.0,April,2022.0,2.0,Monday
16419,404-3826918-9746702,2022-04-20,Shipped,Amazon,Amazon.in,Expedited,J0205,J0205-TP-XXL,Top,XXL,B09871M45X,Shipped,1.0,INR,387.0,Benaulim,Goa,403716.0,IN,,False,,,4.0,April,2022.0,2.0,Wednesday
3463,171-6894926-6068366,2022-04-28,Cancelled,Amazon,Amazon.in,Expedited,SET269,SET269-KR-NP-XXXL,Set,3XL,B0983FSRFS,Cancelled,0.0,INR,0.0,New Delhi,Delhi,110095.0,IN,,False,,,4.0,April,2022.0,2.0,Thursday
30698,405-5416670-3857115,2022-12-04,Cancelled,Amazon,Amazon.in,Expedited,SET328,SET328-KR-NP-L,Set,L,B09K3DV6Q9,Unshipped,1.0,INR,635.0,Bengaluru,Karnataka,560049.0,IN,,False,,,12.0,December,2022.0,4.0,Sunday
3349,171-7981466-8156301,2022-04-28,Shipped,Amazon,Amazon.in,Expedited,SET182,SET182-KR-DH-XXXL,Set,3XL,B085HRZN1M,Shipped,1.0,INR,657.0,Bengaluru,Karnataka,560048.0,IN,IN Core Free Shipping 2015/04/08 23-48-5-108,False,,,4.0,April,2022.0,2.0,Thursday
18280,407-6019708-1637954,2022-04-19,Shipped - Delivered To Buyer,Merchant,Amazon.in,Standard,JNE1977,JNE1977-KR-237-L,Kurta,L,B074SP92C5,Shipped,1.0,INR,259.0,Madurai,Tamil Nadu,625001.0,IN,"Amazon PLCC Free-Financing Universal Merchant AAT-WNKTBO3K27EJC,Amazon PLCC Free-Financing Universal Merchant AAT-QX3UCCJESKPA2,Amazon PLCC Free-Financing Universal Merchant AAT-CXJHMC2YJUK76,Amazon PLCC Free-Financing Universal Merchant AAT-CC4FAVTYR4X7C,Amazon PLCC Free-Financing Universal Merchant AAT-XXRCW6NZEPZI4,Amazon PLCC Free-Financing Universal Merchant AAT-EOKPWFWYW7Y6I,Amazon PLCC Free-Financing Universal Merchant AAT-G5ZRX4BZOIODU,Amazon PLCC Free-Financing Universal Merchant AAT-PZHUW6DZX4BPS,Amazon PLCC Free-Financing Universal Merchant AAT-XX7G3ZRJJJ5LG,Amazon PLCC Free-Financing Universal Merchant AAT-LEHCKNDBJG64E,Amazon PLCC Free-Financing Universal Merchant AAT-DJVHCEV7D7RQY,Amazon PLCC Free-Financing Universal Merchant AAT-BRSZZ45H6MHAO,Amazon PLCC Free-Financing Universal Merchant AAT-MKLXOOZWQL7GO,Amazon PLCC Free-Financing Universal Merchant AAT-CB7UNXEXGIJTC,Amazon PLCC Free-Financing Universal Merchant #MP-gzasho-1593152694811,Amazon PLCC Free-Financing Universal Merchant AAT-WLBA4GZ52EAH4",False,Easy Ship,,4.0,April,2022.0,2.0,Tuesday
26328,402-2614748-7728323,2022-04-15,Shipped,Amazon,Amazon.in,Expedited,J0230,J0230-SKD-L,Set,L,B08XNDL1DL,Shipped,1.0,INR,1146.0,Uttar Bagdogra,West Bengal,734012.0,IN,,False,,,4.0,April,2022.0,2.0,Friday
25112,405-0590108-5757961,2022-04-15,Shipped,Amazon,Amazon.in,Expedited,JNE3613,JNE3613-KR-XL,Kurta,XL,B08XVKMPHJ,Shipped,1.0,INR,399.0,"Old Goa, North Goa District",Goa,403110.0,IN,IN Core Free Shipping 2015/04/08 23-48-5-108,False,,,4.0,April,2022.0,2.0,Friday
23597,405-7136808-8161910,2022-04-16,Shipped,Amazon,Amazon.in,Expedited,JNE3399,JNE3399-KR-M,Kurta,M,B082W84Q2J,Shipped,1.0,INR,435.0,Bengaluru,Karnataka,560033.0,IN,IN Core Free Shipping 2015/04/08 23-48-5-108,False,,,4.0,April,2022.0,2.0,Saturday
1635,404-9580105-7424301,2022-04-29,Shipped,Amazon,Amazon.in,Expedited,JNE3405,JNE3405-KR-XXXL,Kurta,3XL,B081WZ4T3V,Shipped,1.0,INR,399.0,Mumbai,Maharashtra,400002.0,IN,IN Core Free Shipping 2015/04/08 23-48-5-108,False,,,4.0,April,2022.0,2.0,Friday
29822,403-6057389-6202765,2022-04-13,Shipped - Delivered To Buyer,Merchant,Amazon.in,Standard,JNE3449,JNE3449-KR-XXL,Kurta,XXL,B08BF9DZ3F,Shipped,1.0,INR,319.0,Bengaluru,Karnataka,560037.0,IN,"Amazon PLCC Free-Financing Universal Merchant AAT-WNKTBO3K27EJC,Amazon PLCC Free-Financing Universal Merchant AAT-QX3UCCJESKPA2,Amazon PLCC Free-Financing Universal Merchant AAT-CXJHMC2YJUK76,Amazon PLCC Free-Financing Universal Merchant AAT-CC4FAVTYR4X7C,Amazon PLCC Free-Financing Universal Merchant AAT-XXRCW6NZEPZI4,Amazon PLCC Free-Financing Universal Merchant AAT-R7GXNZWISTRFA,Amazon PLCC Free-Financing Universal Merchant AAT-EOKPWFWYW7Y6I,Amazon PLCC Free-Financing Universal Merchant AAT-ZYL5UPUNW6T62,Amazon PLCC Free-Financing Universal Merchant AAT-G5ZRX4BZOIODU,Amazon PLCC Free-Financing Universal Merchant AAT-P3CSUAK4HTEP2,Amazon PLCC Free-Financing Universal Merchant AAT-PZHUW6DZX4BPS,Amazon PLCC Free-Financing Universal Merchant AAT-BRSZZ45H6MHAO,Amazon PLCC Free-Financing Universal Merchant AAT-MKLXOOZWQL7GO,Amazon PLCC Free-Financing Universal Merchant AAT-CB7UNXEXGIJTC,Amazon PLCC Free-Financing Universal Merchant #MP-gzasho-1593152694811,Amazon PLCC Free-Financing Universal Merchant AAT-WLBA4GZ52EAH4,Amazon PLCC Free-Financing Universal Merchant #MP-pmilan-1601980554292",False,Easy Ship,,4.0,April,2022.0,2.0,Wednesday
8393,407-6443249-6738736,2022-04-25,Shipped - Delivered To Buyer,Merchant,Amazon.in,Standard,JNE3797,JNE3797-KR-M,Western Dress,M,B09SDY8DCT,Shipped,1.0,INR,725.0,Chandigarh,Chandigarh,160047.0,IN,"Amazon PLCC Free-Financing Universal Merchant AAT-WNKTBO3K27EJC,Amazon PLCC Free-Financing Universal Merchant AAT-QX3UCCJESKPA2,Amazon PLCC Free-Financing Universal Merchant AAT-5QQ7BIYYQEDN2,Amazon PLCC Free-Financing Universal Merchant AAT-DSJ2QRXXWXVMQ,Amazon PLCC Free-Financing Universal Merchant AAT-CXJHMC2YJUK76,Amazon PLCC Free-Financing Universal Merchant AAT-SL3Y2YRMAUNFC,Amazon PLCC Free-Financing Universal Merchant AAT-CC4FAVTYR4X7C,Amazon PLCC Free-Financing Universal Merchant AAT-XXRCW6NZEPZI4,Amazon PLCC Free-Financing Universal Merchant AAT-WSJLDN3X7KEMO,Amazon PLCC Free-Financing Universal Merchant AAT-VL6FGQVGQVXUS,Amazon PLCC Free-Financing Universal Merchant AAT-EOKPWFWYW7Y6I,Amazon PLCC Free-Financing Universal Merchant AAT-ZYL5UPUNW6T62,Amazon PLCC Free-Financing Universal Merchant AAT-XVPICCHRWDCAI,Amazon PLCC Free-Financing Universal Merchant AAT-G5ZRX4BZOIODU,Amazon PLCC Free-Financing Universal Merchant AAT-ACZIPIA37BFIY,Amazon PLCC Free-Financing Universal Merchant AAT-4UKS7UWZY3AES,Amazon PLCC Free-Financing Universal Merchant AAT-PZHUW6DZX4BPS,Amazon PLCC Free-Financing Universal Merchant AAT-ETXQ3XXWMRXBG,Amazon PLCC Free-Financing Universal Merchant AAT-BRSZZ45H6MHAO,Amazon PLCC Free-Financing Universal Merchant AAT-MKLXOOZWQL7GO,Amazon PLCC Free-Financing Universal Merchant AAT-CB7UNXEXGIJTC,Amazon PLCC Free-Financing Universal Merchant #MP-gzasho-1593152694811,Amazon PLCC Free-Financing Universal Merchant AAT-WLBA4GZ52EAH4",False,Easy Ship,,4.0,April,2022.0,2.0,Monday
15170,402-7595058-5644313,2022-04-21,Shipped,Amazon,Amazon.in,Expedited,JNE3366,JNE3366-KR-1053-XL,Kurta,XL,B07T542CKK,Shipped,1.0,INR,376.0,Ahmedabad,Gujarat,380058.0,IN,IN Core Free Shipping 2015/04/08 23-48-5-108,False,,,4.0,April,2022.0,2.0,Thursday
5770,404-4030293-1950718,2022-04-27,Shipped,Amazon,Amazon.in,Expedited,SET374,SET374-KR-NP-M,Set,M,B09NDKJKPN,Shipped,1.0,INR,635.0,Bengaluru,Karnataka,560086.0,IN,,False,,,4.0,April,2022.0,2.0,Wednesday
27658,407-8962168-2942736,2022-04-14,Shipped - Delivered To Buyer,Merchant,Amazon.in,Standard,JNE3294,JNE3294-KR-XS,Kurta,XS,B07R41QNJQ,Shipped,1.0,INR,432.0,Tezu,Arunachal Pradesh,792001.0,IN,"Amazon PLCC Free-Financing Universal Merchant AAT-WNKTBO3K27EJC,Amazon PLCC Free-Financing Universal Merchant AAT-QX3UCCJESKPA2,Amazon PLCC Free-Financing Universal Merchant AAT-CXJHMC2YJUK76,Amazon PLCC Free-Financing Universal Merchant AAT-CC4FAVTYR4X7C,Amazon PLCC Free-Financing Universal Merchant AAT-XXRCW6NZEPZI4,Amazon PLCC Free-Financing Universal Merchant AAT-EOKPWFWYW7Y6I,Amazon PLCC Free-Financing Universal Merchant AAT-ZYL5UPUNW6T62,Amazon PLCC Free-Financing Universal Merchant AAT-G5ZRX4BZOIODU,Amazon PLCC Free-Financing Universal Merchant AAT-LMLYJV5SYVNDA,Amazon PLCC Free-Financing Universal Merchant AAT-PZHUW6DZX4BPS,Amazon PLCC Free-Financing Universal Merchant AAT-BRSZZ45H6MHAO,Amazon PLCC Free-Financing Universal Merchant AAT-MKLXOOZWQL7GO,Amazon PLCC Free-Financing Universal Merchant AAT-CB7UNXEXGIJTC,Amazon PLCC Free-Financing Universal Merchant #MP-gzasho-1593152694811,Amazon PLCC Free-Financing Universal Merchant AAT-WLBA4GZ52EAH4,Amazon PLCC Free-Financing Universal Merchant #MP-pmilan-1601980554292",False,Easy Ship,,4.0,April,2022.0,2.0,Thursday
18115,402-5714810-6888303,2022-04-19,Shipped,Amazon,Amazon.in,Expedited,SET268,SET268-KR-NP-XXL,Set,XXL,B08XQ8MJZG,Shipped,1.0,INR,788.0,Secunderabad,Telangana,500061.0,IN,IN Core Free Shipping 2015/04/08 23-48-5-108,False,,,4.0,April,2022.0,2.0,Tuesday
6689,408-5075679-3516365,2022-04-26,Cancelled,Amazon,Amazon.in,Expedited,J0349,J0349-SET-XS,Set,XS,B099NM2DMY,Unshipped,1.0,INR,801.0,Kalpetta,Kerala,673122.0,IN,,False,,,4.0,April,2022.0,2.0,Tuesday
19638,405-3142870-5878726,2022-04-18,Shipped - Delivered To Buyer,Merchant,Amazon.in,Standard,SET184,SET184-KR-PP-XS,Set,XS,B08W9F5KML,Shipped,1.0,INR,563.0,Mumbai,Maharashtra,400102.0,IN,"Amazon PLCC Free-Financing Universal Merchant AAT-WNKTBO3K27EJC,Amazon PLCC Free-Financing Universal Merchant AAT-QX3UCCJESKPA2,Amazon PLCC Free-Financing Universal Merchant AAT-CXJHMC2YJUK76,Amazon PLCC Free-Financing Universal Merchant AAT-SL3Y2YRMAUNFC,Amazon PLCC Free-Financing Universal Merchant AAT-CC4FAVTYR4X7C,Amazon PLCC Free-Financing Universal Merchant AAT-XXRCW6NZEPZI4,Amazon PLCC Free-Financing Universal Merchant AAT-R7GXNZWISTRFA,Amazon PLCC Free-Financing Universal Merchant AAT-EOKPWFWYW7Y6I,Amazon PLCC Free-Financing Universal Merchant AAT-ZYL5UPUNW6T62,Amazon PLCC Free-Financing Universal Merchant AAT-G5ZRX4BZOIODU,Amazon PLCC Free-Financing Universal Merchant AAT-P3CSUAK4HTEP2,Amazon PLCC Free-Financing Universal Merchant AAT-PZHUW6DZX4BPS,Amazon PLCC Free-Financing Universal Merchant AAT-XX7G3ZRJJJ5LG,Amazon PLCC Free-Financing Universal Merchant AAT-LEHCKNDBJG64E,Amazon PLCC Free-Financing Universal Merchant AAT-DJVHCEV7D7RQY,Amazon PLCC Free-Financing Universal Merchant AAT-BRSZZ45H6MHAO,Amazon PLCC Free-Financing Universal Merchant AAT-MKLXOOZWQL7GO,Amazon PLCC Free-Financing Universal Merchant AAT-CB7UNXEXGIJTC,Amazon PLCC Free-Financing Universal Merchant #MP-gzasho-1593152694811,Amazon PLCC Free-Financing Universal Merchant AAT-WLBA4GZ52EAH4,Amazon PLCC Free-Financing Universal Merchant #MP-pmilan-1601980554292",False,Easy Ship,,4.0,April,2022.0,2.0,Monday
3660,402-4909256-9477130,2022-04-28,Shipped - Delivered To Buyer,Merchant,Amazon.in,Standard,JNE3042,JNE3042-KR-M,Kurta,M,B07JKYX5RL,Shipped,1.0,INR,295.0,Sulluru,Andhra Pradesh,524121.0,IN,"Amazon PLCC Free-Financing Universal Merchant AAT-WNKTBO3K27EJC,Amazon PLCC Free-Financing Universal Merchant AAT-QX3UCCJESKPA2,Amazon PLCC Free-Financing Universal Merchant AAT-5QQ7BIYYQEDN2,Amazon PLCC Free-Financing Universal Merchant AAT-DSJ2QRXXWXVMQ,Amazon PLCC Free-Financing Universal Merchant AAT-CXJHMC2YJUK76,Amazon PLCC Free-Financing Universal Merchant AAT-CC4FAVTYR4X7C,Amazon PLCC Free-Financing Universal Merchant AAT-XXRCW6NZEPZI4,Amazon PLCC Free-Financing Universal Merchant AAT-WSJLDN3X7KEMO,Amazon PLCC Free-Financing Universal Merchant AAT-VL6FGQVGQVXUS,Amazon PLCC Free-Financing Universal Merchant AAT-EOKPWFWYW7Y6I,Amazon PLCC Free-Financing Universal Merchant AAT-ZYL5UPUNW6T62,Amazon PLCC Free-Financing Universal Merchant AAT-G5ZRX4BZOIODU,Amazon PLCC Free-Financing Universal Merchant AAT-ACZIPIA37BFIY,Amazon PLCC Free-Financing Universal Merchant AAT-23LLL7GZCLBVW,Amazon PLCC Free-Financing Universal Merchant AAT-4UKS7UWZY3AES,Amazon PLCC Free-Financing Universal Merchant AAT-PZHUW6DZX4BPS,Amazon PLCC Free-Financing Universal Merchant AAT-ETXQ3XXWMRXBG,Amazon PLCC Free-Financing Universal Merchant AAT-7X3XCTYG64VBE,Amazon PLCC Free-Financing Universal Merchant AAT-7CHGD3WTS3MHM,Amazon PLCC Free-Financing Universal Merchant AAT-26ZDKNME27X42,Amazon PLCC Free-Financing Universal Merchant AAT-4ZF5KN6E4LJK4,Amazon PLCC Free-Financing Universal Merchant AAT-7RCXIKUAX7DDY,Amazon PLCC Free-Financing Universal Merchant AAT-TNYBHEAO7HOHO,Amazon PLCC Free-Financing Universal Merchant AAT-BRSZZ45H6MHAO,Amazon PLCC Free-Financing Universal Merchant AAT-MKLXOOZWQL7GO,Amazon PLCC Free-Financing Universal Merchant AAT-CB7UNXEXGIJTC,Amazon PLCC Free-Financing Universal Merchant #MP-gzasho-1593152694811,Amazon PLCC Free-Financing Universal Merchant AAT-WLBA4GZ52EAH4,Amazon PLCC Free-Financing Universal Merchant AAT-QMFZ3M7T5NPDS,Amazon PLCC Free-Financing Universal Merchant #MP-pmilan-1601980554292",False,Easy Ship,,4.0,April,2022.0,2.0,Thursday
14264,408-7028833-2758704,2022-04-22,Shipped,Amazon,Amazon.in,Expedited,JNE3468,JNE3468-KR-L,Kurta,L,B08RP69C9N,Shipped,1.0,INR,352.0,Dombivali East,Maharashtra,421204.0,IN,IN Core Free Shipping 2015/04/08 23-48-5-108,False,,,4.0,April,2022.0,2.0,Friday
